construction_ms,covered,failcount,failed,hybrid_all_ms,lookup_ms,max_rel_Fprime,max_rel_G,mode,orbit_all_ms,orbit_covered_ms,patch,res,rms_rel_Fprime,rms_rel_G,run,sampled,speed_covered,speed_full,tile,view
0.80151,0.99583,0.0,5.0,89.26089,86.76373,1.06352e-05,1.72634e-07,fast,207.46064,205.765,1195.0,1920x1440,2.22129e-07,1.76844e-09,1,305920.0,2.34985,2.32421,48.0,faroutside
0.86453,0.99583,0.0,5.0,95.28877,90.15648,1.06352e-05,1.72634e-07,fast,196.81702,192.54926,1195.0,1920x1440,2.22129e-07,1.76844e-09,2,305920.0,2.11544,2.06548,48.0,faroutside
0.79398,0.99583,0.0,5.0,98.1949,95.76698,1.06352e-05,1.72634e-07,fast,208.40672,206.77278,1195.0,1920x1440,2.22129e-07,1.76844e-09,3,305920.0,2.14137,2.12238,48.0,faroutside
0.8285,0.99583,0.0,5.0,95.62209,93.19505,1.06352e-05,1.72634e-07,fast,193.89505,192.29651,1195.0,1920x1440,2.22129e-07,1.76844e-09,4,305920.0,2.0452,2.02772,48.0,faroutside
0.94844,0.99583,0.0,5.0,103.99736,101.36116,1.06352e-05,1.72634e-07,fast,207.58183,205.89407,1195.0,1920x1440,2.22129e-07,1.76844e-09,5,305920.0,2.01246,1.99603,48.0,faroutside
0.47295,0.37167,0.0,754.0,91.89892,10.11071,4.48406e-06,2.66885e-08,fast,103.27291,21.95764,446.0,960x720,2.2341e-07,1.24531e-09,1,28544.0,2.07468,1.12377,24.0,exterior
0.5979,0.37167,0.0,754.0,96.57498,9.7036,4.48406e-06,2.66885e-08,fast,106.63976,20.36628,446.0,960x720,2.2341e-07,1.24531e-09,2,28544.0,1.97702,1.10422,24.0,exterior
0.49412,0.37167,0.0,754.0,86.98323,9.04041,4.48406e-06,2.66885e-08,fast,96.49914,19.05044,446.0,960x720,2.2341e-07,1.24531e-09,3,28544.0,1.99805,1.1094,24.0,exterior
0.47417,0.37167,0.0,754.0,91.45823,9.86389,4.48406e-06,2.66885e-08,fast,101.82055,20.70038,446.0,960x720,2.2341e-07,1.24531e-09,4,28544.0,2.00235,1.1133,24.0,exterior
0.50126,0.37167,0.0,754.0,93.16485,9.29684,4.48406e-06,2.66885e-08,fast,103.15144,19.78469,446.0,960x720,2.2341e-07,1.24531e-09,5,28544.0,2.01924,1.10719,24.0,exterior
0.41267,0.11167,0.0,1066.0,226.99829,4.07435,1.47455e-05,2.27619e-07,fast,228.32079,5.80952,134.0,960x720,1.35765e-06,1.22861e-08,1,8576.0,1.29474,1.00583,24.0,wide
0.34612,0.11167,0.0,1066.0,211.39056,3.58358,1.47455e-05,2.27619e-07,fast,213.17372,5.71286,134.0,960x720,1.35765e-06,1.22861e-08,2,8576.0,1.45376,1.00844,24.0,wide
0.3599,0.11167,0.0,1066.0,199.46338,3.62994,1.47455e-05,2.27619e-07,fast,200.93243,5.4589,134.0,960x720,1.35765e-06,1.22861e-08,3,8576.0,1.3682,1.00737,24.0,wide
0.40278,0.11167,0.0,1066.0,197.07641,3.56171,1.47455e-05,2.27619e-07,fast,198.78413,5.67222,134.0,960x720,1.35765e-06,1.22861e-08,4,8576.0,1.43076,1.00867,24.0,wide
0.51233,0.11167,0.0,1066.0,211.40191,4.27055,1.47455e-05,2.27619e-07,fast,212.51853,5.89949,134.0,960x720,1.35765e-06,1.22861e-08,5,8576.0,1.23346,1.00528,24.0,wide
2.17832,0.02167,0.0,1174.0,550.75962,2.79189,1.48979e-06,2.73721e-08,fast,548.32197,2.53256,26.0,960x720,1.51764e-07,1.91103e-09,1,1664.0,0.50955,0.99557,24.0,righttip
1.0602,0.02167,0.0,1174.0,590.26082,2.13191,1.48979e-06,2.73721e-08,fast,588.56127,1.49256,26.0,960x720,1.51764e-07,1.91103e-09,2,1664.0,0.46758,0.99712,24.0,righttip
0.77656,0.02167,0.0,1174.0,551.99419,1.72999,1.48979e-06,2.73721e-08,fast,550.96162,1.47398,26.0,960x720,1.51764e-07,1.91103e-09,3,1664.0,0.58805,0.99813,24.0,righttip
0.97135,0.02167,0.0,1174.0,602.78737,2.1173,1.48979e-06,2.73721e-08,fast,601.33509,1.63637,26.0,960x720,1.51764e-07,1.91103e-09,4,1664.0,0.5298,0.99759,24.0,righttip
0.76359,0.02167,0.0,1174.0,554.65158,1.77917,1.48979e-06,2.73721e-08,fast,553.76139,1.65256,26.0,960x720,1.51764e-07,1.91103e-09,5,1664.0,0.64991,0.9984,24.0,righttip
6.02449,0.99583,0.0,5.0,130.28289,122.65079,5.83677e-09,8.42717e-12,bounded,191.69547,190.08785,1195.0,1920x1440,2.60207e-10,3.08783e-13,1,305920.0,1.47727,1.47138,48.0,faroutside
6.49737,0.99583,0.0,5.0,126.91922,118.75257,5.83677e-09,8.42717e-12,bounded,195.66309,193.99382,1195.0,1920x1440,2.60207e-10,3.08783e-13,2,305920.0,1.54885,1.54163,48.0,faroutside
6.21004,0.99583,0.0,5.0,131.03765,123.12825,5.83677e-09,8.42717e-12,bounded,198.37611,196.67675,1195.0,1920x1440,2.60207e-10,3.08783e-13,3,305920.0,1.52064,1.51389,48.0,faroutside
10.42803,0.99583,0.0,5.0,135.56037,123.50063,5.83677e-09,8.42717e-12,bounded,194.35319,192.72148,1195.0,1920x1440,2.60207e-10,3.08783e-13,4,305920.0,1.43899,1.4337,48.0,faroutside
6.71041,0.99583,0.0,5.0,129.31341,121.00959,5.83677e-09,8.42717e-12,bounded,195.52365,193.93024,1195.0,1920x1440,2.60207e-10,3.08783e-13,5,305920.0,1.5184,1.51201,48.0,faroutside
5.17167,0.37167,0.0,754.0,102.35524,17.20557,9.71599e-14,9.38014e-16,bounded,99.27001,19.29201,446.0,960x720,5.62606e-15,2.28933e-16,1,28544.0,0.86213,0.96986,24.0,exterior
5.17201,0.37167,0.0,754.0,104.88051,17.06531,9.71599e-14,9.38014e-16,bounded,102.03073,19.38754,446.0,960x720,5.62606e-15,2.28933e-16,2,28544.0,0.87185,0.97283,24.0,exterior
5.20861,0.37167,0.0,754.0,109.30405,17.23034,9.71599e-14,9.38014e-16,bounded,106.18976,19.32465,446.0,960x720,5.62606e-15,2.28933e-16,3,28544.0,0.86121,0.97151,24.0,exterior
5.55442,0.37167,0.0,754.0,104.86483,17.05917,9.71599e-14,9.38014e-16,bounded,101.99702,19.74578,446.0,960x720,5.62606e-15,2.28933e-16,4,28544.0,0.87318,0.97265,24.0,exterior
5.54184,0.37167,0.0,754.0,102.00539,16.61963,9.71599e-14,9.38014e-16,bounded,99.64259,19.79868,446.0,960x720,5.62606e-15,2.28933e-16,5,28544.0,0.89338,0.97684,24.0,exterior
1.9742,0.11167,0.0,1066.0,224.02681,6.46587,1.68806e-14,8.57913e-16,bounded,221.71837,6.13164,134.0,960x720,3.5019e-15,2.27713e-16,1,8576.0,0.72649,0.9897,24.0,wide
5.09883,0.11167,0.0,1066.0,210.15041,6.04917,1.68806e-14,8.57913e-16,bounded,204.93178,5.92937,134.0,960x720,3.5019e-15,2.27713e-16,2,8576.0,0.53188,0.97517,24.0,wide
2.13158,0.11167,0.0,1066.0,206.66559,6.8039,1.68806e-14,8.57913e-16,bounded,203.16519,5.43508,134.0,960x720,3.5019e-15,2.27713e-16,3,8576.0,0.60826,0.98306,24.0,wide
1.84433,0.11167,0.0,1066.0,198.31659,5.95016,1.68806e-14,8.57913e-16,bounded,195.90444,5.38235,134.0,960x720,3.5019e-15,2.27713e-16,4,8576.0,0.69053,0.98784,24.0,wide
1.80146,0.11167,0.0,1066.0,196.88115,5.98501,1.68806e-14,8.57913e-16,bounded,194.70672,5.61203,134.0,960x720,3.5019e-15,2.27713e-16,5,8576.0,0.72074,0.98896,24.0,wide
1.07658,0.02167,0.0,1174.0,502.41201,2.14367,1.2629e-14,2.00207e-15,bounded,500.68999,1.49823,26.0,960x720,4.46693e-15,5.76652e-16,1,1664.0,0.46525,0.99657,24.0,righttip
1.03218,0.02167,0.0,1174.0,518.16412,2.18884,1.2629e-14,2.00207e-15,bounded,516.41511,1.47202,26.0,960x720,4.46693e-15,5.76652e-16,2,1664.0,0.457,0.99662,24.0,righttip
1.03548,0.02167,0.0,1174.0,514.18044,2.15804,1.2629e-14,2.00207e-15,bounded,512.52521,1.53828,26.0,960x720,4.46693e-15,5.76652e-16,3,1664.0,0.48169,0.99678,24.0,righttip
1.03808,0.02167,0.0,1174.0,504.32284,2.18794,1.2629e-14,2.00207e-15,bounded,502.65062,1.5538,26.0,960x720,4.46693e-15,5.76652e-16,4,1664.0,0.48165,0.99668,24.0,righttip
1.0634,0.02167,0.0,1174.0,506.78103,2.14524,1.2629e-14,2.00207e-15,bounded,505.0493,1.47691,26.0,960x720,4.46693e-15,5.76652e-16,5,1664.0,0.46029,0.99658,24.0,righttip
